Date,Ticker,Entry_Price,Oracle_Score,Projected_Upside,Fair_Value,F_Score,Status,Safety_Badge,Momentum_Badge,Regime_Active
2026-01-07,360ONE.NS,1187.0,14.8,-67.3,387.59,5,Active,тЪая╕П MED,ЁЯРв SLOW,BULLISH
2026-01-07,3MINDIA.NS,35020.0,50.1,-88.2,4115.83,5,Active,ЁЯЫбя╕П HIGH,ЁЯЪА FAST,BULLISH
2026-01-07,ABB.NS,5224.5,20.7,-84.4,816.14,5,Active,тЪая╕П MED,ЁЯРв SLOW,BULLISH
2026-01-07,ACC.NS,1752.0,50.8,13.0,1979.05,5,Active,ЁЯЫбя╕П HIGH,ЁЯРв SLOW,BULLISH
2026-01-07,ACMESOLAR.NS,230.76,12.6,-72.1,64.37,5,Active,тЪая╕П MED,ЁЯРв SLOW,BULLISH
2026-01-07,AIAENG.NS,4071.5,48.4,-58.3,1699.72,5,Active,ЁЯЫбя╕П HIGH,ЁЯЪА FAST,BULLISH
2026-01-07,APLAPOLLO.NS,1947.9,29.1,-86.0,273.49,5,Active,тЪая╕П MED,ЁЯЪА FAST,BULLISH
2026-01-07,AUBANK.NS,1008.75,42.6,-56.7,437.22,5,Active,ЁЯЫбя╕П HIGH,ЁЯЪА FAST,BULLISH
2026-01-07,AWL.NS,230.8,14.3,-40.3,137.86,5,Active,тЪая╕П MED,ЁЯРв SLOW,BULLISH
2026-01-07,AADHARHFC.NS,499.7,41.6,-34.9,325.2,5,Active,ЁЯЫбя╕П HIGH,ЁЯЪА FAST,BULLISH
2026-01-07,AARTIIND.NS,375.05,21.5,-62.4,141.18,5,Active,тЪая╕П MED,ЁЯРв SLOW,BULLISH
2026-01-07,AAVAS.NS,1462.3,28.1,-23.3,1121.78,5,Active,ЁЯЫбя╕П HIGH,ЁЯРв SLOW,BULLISH
2026-01-07,ABBOTINDIA.NS,28440.0,37.9,-75.4,6984.09,5,Active,ЁЯЫбя╕П HIGH,ЁЯРв SLOW,BULLISH
2026-01-07,ACE.NS,937.0,13.5,-73.5,248.27,5,Active,тЪая╕П MED,ЁЯРв SLOW,BULLISH
2026-01-07,ADANIENSOL.NS,1044.1,35.5,-86.9,136.51,5,Active,тЪая╕П MED,ЁЯЪА FAST,BULLISH
2026-01-07,ADANIENT.NS,2259.1,25.9,-57.9,951.59,5,Active,тЪая╕П MED,ЁЯРв SLOW,BULLISH
2026-01-07,ADANIGREEN.NS,1019.4,29.8,-86.7,135.63,5,Active,тЪая╕П MED,ЁЯЪА FAST,BULLISH
2026-01-07,ADANIPORTS.NS,1473.2,44.1,-58.2,616.27,5,Active,ЁЯЫбя╕П HIGH,ЁЯЪА FAST,BULLISH
2026-01-07,ADANIPOWER.NS,147.55,27.1,-45.9,79.76,5,Active,тЪая╕П MED,ЁЯЪА FAST,BULLISH
2026-01-07,ATGL.NS,570.35,13.8,-99.4,3.23,5,Active,тЪая╕П MED,ЁЯРв SLOW,BULLISH
2026-01-07,ABCAPITAL.NS,360.65,44.7,-45.4,196.98,5,Active,ЁЯЫбя╕П HIGH,ЁЯЪА FAST,BULLISH
2026-01-07,ABFRL.NS,77.45,40.4,65.7,128.36,5,Active,тЪая╕П MED,ЁЯРв SLOW,BULLISH
2026-01-07,ABLBL.NS,120.08,25.8,0.0,,5,Active,тЪая╕П MED,ЁЯРв SLOW,BULLISH
2026-01-07,ABREL.NS,1668.0,19.3,0.0,,5,Active,тЪая╕П MED,ЁЯРв SLOW,BULLISH
2026-01-07,ABSLAMC.NS,849.95,26.4,-41.3,498.57,5,Active,тЪая╕П MED,ЁЯЪА FAST,BULLISH
2026-01-07,AEGISLOG.NS,746.2,14.7,-60.8,292.4,5,Active,тЪая╕П MED,ЁЯРв SLOW,BULLISH
2026-01-07,AEGISVOPAK.NS,239.59,24.4,-95.0,12.08,5,Active,тЪая╕П MED,ЁЯРв SLOW,BULLISH
2026-01-07,AFCONS.NS,377.35,17.7,-45.7,204.78,5,Active,тЪая╕П MED,ЁЯРв SLOW,BULLISH
2026-01-07,AFFLE.NS,1814.1,25.9,-83.9,292.88,5,Active,тЪая╕П MED,ЁЯРв SLOW,BULLISH
2026-01-07,AJANTPHARM.NS,2830.5,30.5,-63.3,1039.35,5,Active,тЪая╕П MED,ЁЯЪА FAST,BULLISH
2026-01-07,AKUMS.NS,446.65,16.3,-56.4,194.91,5,Active,тЪая╕П MED,ЁЯРв SLOW,BULLISH
2026-01-07,AKZOINDIA.NS,3180.9,16.8,-78.2,694.74,5,Active,тЪая╕П MED,ЁЯРв SLOW,BULLISH
2026-01-07,APLLTD.NS,825.55,23.3,-44.4,459.2,5,Active,тЪая╕П MED,ЁЯРв SLOW,BULLISH
2026-01-07,ALKEM.NS,5653.5,45.9,-71.7,1600.92,5,Active,ЁЯЫбя╕П HIGH,ЁЯЪА FAST,BULLISH
2026-01-07,ALKYLAMINE.NS,1551.6,28.2,-58.0,651.65,5,Active,ЁЯЫбя╕П HIGH,ЁЯРв SLOW,BULLISH
2026-01-07,ALOKINDS.NS,15.9,20.0,-93.0,1.12,5,Active,тЪая╕П MED,ЁЯРв SLOW,BULLISH
2026-01-07,ARE&M.NS,916.4,37.3,-86.1,127.79,5,Active,ЁЯЫбя╕П HIGH,ЁЯРв SLOW,BULLISH
2026-01-07,AMBER.NS,6698.0,6.9,-91.1,598.68,5,Active,тЪая╕П MED,ЁЯРв SLOW,BULLISH
2026-01-07,AMBUJACEM.NS,561.75,41.1,-53.6,260.84,5,Active,ЁЯЫбя╕П HIGH,ЁЯРв SLOW,BULLISH
2026-01-07,ANANDRATHI.NS,3158.0,39.9,-82.3,558.74,5,Active,ЁЯЫбя╕П HIGH,ЁЯЪА FAST,BULLISH
2026-01-07,ANANTRAJ.NS,581.0,12.8,-98.5,8.43,5,Active,тЪая╕П MED,ЁЯЪА FAST,BULLISH
2026-01-07,ANGELONE.NS,2402.1,10.6,-16.9,1995.88,5,Active,тЪая╕П MED,ЁЯРв SLOW,BULLISH
2026-01-07,APARINDS.NS,8255.5,8.5,-63.6,3007.62,5,Active,тЪая╕П MED,ЁЯРв SLOW,BULLISH
2026-01-07,APOLLOHOSP.NS,7332.0,43.4,-93.8,455.9,5,Active,ЁЯЫбя╕П HIGH,ЁЯРв SLOW,BULLISH
2026-01-07,APOLLOTYRE.NS,522.75,44.5,-50.7,257.56,5,Active,ЁЯЫбя╕П HIGH,ЁЯЪА FAST,BULLISH
2026-01-07,APTUS.NS,285.65,26.0,-18.7,232.12,5,Active,ЁЯЫбя╕П HIGH,ЁЯРв SLOW,BULLISH
2026-01-07,ASAHIINDIA.NS,972.8,34.0,-76.8,225.32,5,Active,тЪая╕П MED,ЁЯЪА FAST,BULLISH
2026-01-07,ASHOKLEY.NS,186.07,45.6,-56.0,81.83,5,Active,ЁЯЫбя╕П HIGH,ЁЯЪА FAST,BULLISH
2026-01-07,ASIANPAINT.NS,2846.1,49.3,-85.3,418.65,5,Active,ЁЯЫбя╕П HIGH,ЁЯЪА FAST,BULLISH
2026-01-07,ASTERDM.NS,623.75,39.8,-96.7,20.45,5,Active,ЁЯЫбя╕П HIGH,ЁЯРв SLOW,BULLISH
2026-01-07,ASTRAZEN.NS,8434.0,30.1,-95.3,393.65,5,Active,ЁЯЫбя╕П HIGH,ЁЯРв SLOW,BULLISH
2026-01-07,ASTRAL.NS,1490.1,30.0,-96.7,48.84,5,Active,тЪая╕П MED,ЁЯРв SLOW,BULLISH
2026-01-07,ATHERENERG.NS,693.15,30.6,0.0,,5,Active,тЪая╕П MED,ЁЯЪА FAST,BULLISH
2026-01-07,ATUL.NS,6158.0,30.2,-64.0,2219.19,5,Active,ЁЯЫбя╕П HIGH,ЁЯРв SLOW,BULLISH
2026-01-07,AUROPHARMA.NS,1234.0,35.0,-69.7,374.28,5,Active,ЁЯЫбя╕П HIGH,ЁЯЪА FAST,BULLISH
2026-01-07,AIIL.NS,3095.0,37.2,24.8,3863.53,5,Active,тЪая╕П MED,ЁЯЪА FAST,BULLISH
2026-01-07,DMART.NS,3702.8,37.9,-82.6,643.84,5,Active,ЁЯЫбя╕П HIGH,ЁЯРв SLOW,BULLISH
2026-01-07,AXISBANK.NS,1293.2,55.3,8.1,1397.81,5,Active,ЁЯЫбя╕П HIGH,ЁЯЪА FAST,BULLISH
2026-01-07,BASF.NS,3900.4,29.9,-84.4,609.76,5,Active,ЁЯЫбя╕П HIGH,ЁЯРв SLOW,BULLISH
2026-01-07,BEML.NS,1841.2,8.0,-70.5,543.47,5,Active,тЪая╕П MED,ЁЯРв SLOW,BULLISH
2026-01-07,BLS.NS,313.7,7.3,-20.0,250.89,5,Active,тЪая╕П MED,ЁЯРв SLOW,BULLISH
2026-01-07,BSE.NS,2722.2,15.1,-81.4,505.09,5,Active,тЪая╕П MED,ЁЯЪА FAST,BULLISH
2026-01-07,BAJAJ-AUTO.NS,9659.5,45.7,-58.0,4058.53,5,Active,ЁЯЫбя╕П HIGH,ЁЯЪА FAST,BULLISH
2026-01-07,BAJFINANCE.NS,970.4,37.8,-57.3,414.16,5,Active,ЁЯЫбя╕П HIGH,ЁЯЪА FAST,BULLISH
2026-01-07,BAJAJFINSV.NS,2029.9,40.6,-57.6,859.93,5,Active,ЁЯЫбя╕П HIGH,ЁЯРв SLOW,BULLISH
2026-01-07,BAJAJHLDNG.NS,11201.0,19.8,-19.1,9064.62,5,Active,тЪая╕П MED,ЁЯРв SLOW,BULLISH
2026-01-07,BAJAJHFL.NS,96.65,28.4,-58.4,40.18,5,Active,ЁЯЫбя╕П HIGH,ЁЯРв SLOW,BULLISH
2026-01-07,BALKRISIND.NS,2380.7,30.5,-90.5,225.0,5,Active,ЁЯЫбя╕П HIGH,ЁЯРв SLOW,BULLISH
2026-01-07,BALRAMCHIN.NS,436.05,18.5,-23.2,334.72,5,Active,тЪая╕П MED,ЁЯРв SLOW,BULLISH
2026-01-07,BANDHANBNK.NS,147.6,57.2,78.6,263.65,5,Active,тЪая╕П MED,ЁЯРв SLOW,BULLISH
2026-01-07,BANKBARODA.NS,306.15,75.7,102.4,619.78,5,Active,ЁЯЫбя╕П HIGH,ЁЯЪА FAST,BULLISH
2026-01-07,BANKINDIA.NS,149.88,75.2,116.5,324.48,5,Active,ЁЯЫбя╕П HIGH,ЁЯЪА FAST,BULLISH
2026-01-07,MAHABANK.NS,64.32,74.9,73.3,111.47,5,Active,ЁЯЫбя╕П HIGH,ЁЯЪА FAST,BULLISH
2026-01-07,BATAINDIA.NS,943.65,29.9,-15.1,800.75,5,Active,ЁЯЫбя╕П HIGH,ЁЯРв SLOW,BULLISH
2026-01-07,BAYERCROP.NS,4504.9,21.5,-83.1,761.14,5,Active,тЪая╕П MED,ЁЯРв SLOW,BULLISH
2026-01-07,BERGEPAINT.NS,524.1,36.7,-78.7,111.42,5,Active,ЁЯЫбя╕П HIGH,ЁЯРв SLOW,BULLISH
2026-01-07,BDL.NS,1527.3,8.4,-84.8,231.99,5,Active,тЪая╕П MED,ЁЯРв SLOW,BULLISH
2026-01-07,BEL.NS,411.0,38.0,-72.6,112.63,5,Active,ЁЯЫбя╕П HIGH,ЁЯРв SLOW,BULLISH
2026-01-07,BHARATFORG.NS,1470.7,33.8,-92.4,111.93,5,Active,тЪая╕П MED,ЁЯЪА FAST,BULLISH
2026-01-07,BHEL.NS,298.9,30.7,-71.6,84.88,5,Active,тЪая╕П MED,ЁЯЪА FAST,BULLISH
2026-01-07,BPCL.NS,372.45,46.5,-18.3,304.35,5,Active,ЁЯЫбя╕П HIGH,ЁЯЪА FAST,BULLISH
2026-01-07,BHARTIARTL.NS,2098.4,44.8,-24.1,1592.27,5,Active,ЁЯЫбя╕П HIGH,ЁЯЪА FAST,BULLISH
2026-01-07,BHARTIHEXA.NS,1781.3,27.5,-46.3,956.28,5,Active,тЪая╕П MED,ЁЯРв SLOW,BULLISH
2026-01-07,BIKAJI.NS,716.95,27.2,-93.9,43.64,5,Active,тЪая╕П MED,ЁЯРв SLOW,BULLISH
2026-01-07,BIOCON.NS,390.85,25.7,-49.1,199.08,5,Active,тЪая╕П MED,ЁЯЪА FAST,BULLISH
2026-01-07,BSOFT.NS,424.4,25.9,-29.5,299.21,5,Active,тЪая╕П MED,ЁЯРв SLOW,BULLISH
2026-01-07,BLUEDART.NS,5523.0,32.4,-43.2,3137.76,5,Active,ЁЯЫбя╕П HIGH,ЁЯРв SLOW,BULLISH
2026-01-07,BLUEJET.NS,527.95,1.5,-48.4,272.21,5,Active,тЪая╕П MED,ЁЯРв SLOW,BULLISH
2026-01-07,BLUESTARCO.NS,1817.5,25.0,-86.9,237.83,5,Active,тЪая╕П MED,ЁЯЪА FAST,BULLISH
2026-01-07,BBTC.NS,1893.0,66.7,127.9,4314.01,5,Active,ЁЯЫбя╕П HIGH,ЁЯРв SLOW,BULLISH
2026-01-07,BOSCHLTD.NS,38770.0,45.4,-72.2,10795.54,5,Active,ЁЯЫбя╕П HIGH,ЁЯЪА FAST,BULLISH
2026-01-07,FIRSTCRY.NS,286.0,12.6,0.0,,5,Active,тЪая╕П MED,ЁЯРв SLOW,BULLISH
2026-01-07,BRIGADE.NS,897.5,23.2,-74.9,225.22,5,Active,тЪая╕П MED,ЁЯРв SLOW,BULLISH
2026-01-07,BRITANNIA.NS,6220.0,47.4,-78.3,1352.59,5,Active,ЁЯЫбя╕П HIGH,ЁЯЪА FAST,BULLISH
2026-01-07,MAPMYINDIA.NS,1698.1,31.9,-89.4,180.3,5,Active,ЁЯЫбя╕П HIGH,ЁЯРв SLOW,BULLISH
2026-01-07,CCL.NS,924.75,33.8,-61.0,360.46,5,Active,ЁЯЫбя╕П HIGH,ЁЯЪА FAST,BULLISH
2026-01-07,CESC.NS,170.39,30.9,-50.8,83.84,5,Active,тЪая╕П MED,ЁЯРв SLOW,BULLISH
2026-01-07,CGPOWER.NS,639.7,20.6,-92.1,50.8,5,Active,тЪая╕П MED,ЁЯРв SLOW,BULLISH
2026-01-07,CRISIL.NS,4668.0,24.0,-69.0,1447.21,5,Active,тЪая╕П MED,ЁЯРв SLOW,BULLISH
2026-01-07,CAMPUS.NS,258.7,30.0,-65.5,89.14,5,Active,тЪая╕П MED,ЁЯРв SLOW,BULLISH
2026-01-07,CANFINHOME.NS,942.85,54.6,5.6,995.95,5,Active,ЁЯЫбя╕П HIGH,ЁЯЪА FAST,BULLISH
2026-01-07,CANBK.NS,154.82,76.1,93.2,299.16,5,Active,ЁЯЫбя╕П HIGH,ЁЯЪА FAST,BULLISH
2026-01-07,CAPLIPOINT.NS,1840.8,9.2,-73.4,490.22,5,Active,тЪая╕П MED,ЁЯРв SLOW,BULLISH
2026-01-07,CGCL.NS,186.48,17.2,-58.7,76.95,5,Active,тЪая╕П MED,ЁЯЪА FAST,BULLISH
2026-01-07,CARBORUNIV.NS,832.95,30.5,-97.4,21.6,5,Active,ЁЯЫбя╕П HIGH,ЁЯРв SLOW,BULLISH
2026-01-07,CASTROLIND.NS,190.04,23.3,-21.7,148.81,5,Active,тЪая╕П MED,ЁЯРв SLOW,BULLISH
2026-01-07,CEATLTD.NS,3749.7,25.6,-84.8,569.21,5,Active,тЪая╕П MED,ЁЯРв SLOW,BULLISH
2026-01-07,CENTRALBK.NS,38.47,50.8,74.8,67.25,5,Active,тЪая╕П MED,ЁЯРв SLOW,BULLISH
2026-01-07,CDSL.NS,1457.7,11.1,-73.3,389.85,5,Active,тЪая╕П MED,ЁЯРв SLOW,BULLISH
2026-01-07,CENTURYPLY.NS,812.55,38.0,-84.1,129.05,5,Active,ЁЯЫбя╕П HIGH,ЁЯЪА FAST,BULLISH
2026-01-07,CERA.NS,5152.5,31.9,-78.4,1112.6,5,Active,ЁЯЫбя╕П HIGH,ЁЯРв SLOW,BULLISH
2026-01-07,CHALET.NS,862.65,40.1,-88.3,100.74,5,Active,ЁЯЫбя╕П HIGH,ЁЯРв SLOW,BULLISH
2026-01-07,CHAMBLFERT.NS,468.15,21.6,-32.3,316.99,5,Active,тЪая╕П MED,ЁЯРв SLOW,BULLISH
2026-01-07,CHENNPETRO.NS,816.45,19.9,-15.1,692.86,5,Active,тЪая╕П MED,ЁЯЪА FAST,BULLISH
2026-01-07,CHOICEIN.NS,846.3,42.7,-86.6,113.0,5,Active,ЁЯЫбя╕П HIGH,ЁЯЪА FAST,BULLISH
2026-01-07,CHOLAHLDNG.NS,1905.0,24.8,-6.0,1790.92,5,Active,тЪая╕П MED,ЁЯРв SLOW,BULLISH
2026-01-07,CHOLAFIN.NS,1795.8,42.1,-56.5,781.44,5,Active,ЁЯЫбя╕П HIGH,ЁЯЪА FAST,BULLISH
2026-01-07,CIPLA.NS,1497.0,43.5,-55.8,662.08,5,Active,ЁЯЫбя╕П HIGH,ЁЯРв SLOW,BULLISH
2026-01-07,CUB.NS,292.5,44.6,-19.9,234.25,5,Active,ЁЯЫбя╕П HIGH,ЁЯЪА FAST,BULLISH
2026-01-07,CLEAN.NS,864.35,20.5,-87.9,104.65,5,Active,тЪая╕П MED,ЁЯРв SLOW,BULLISH
2026-01-07,COALINDIA.NS,424.95,54.9,-6.0,399.33,5,Active,ЁЯЫбя╕П HIGH,ЁЯЪА FAST,BULLISH
2026-01-07,COCHINSHIP.NS,1598.6,14.6,-69.6,486.54,5,Active,тЪая╕П MED,ЁЯРв SLOW,BULLISH
2026-01-07,COFORGE.NS,1671.0,9.0,-82.8,287.55,5,Active,тЪая╕П MED,ЁЯРв SLOW,BULLISH
2026-01-07,COHANCE.NS,503.4,7.6,-89.4,53.56,5,Active,тЪая╕П MED,ЁЯРв SLOW,BULLISH
2026-01-07,COLPAL.NS,2097.8,35.1,-64.1,752.58,5,Active,ЁЯЫбя╕П HIGH,ЁЯРв SLOW,BULLISH
2026-01-07,CAMS.NS,757.7,16.8,-70.4,224.3,5,Active,тЪая╕П MED,ЁЯРв SLOW,BULLISH
2026-01-07,CONCORDBIO.NS,1368.4,3.2,-85.6,197.2,5,Active,тЪая╕П MED,ЁЯРв SLOW,BULLISH
2026-01-07,CONCOR.NS,530.2,26.1,-69.5,161.53,5,Active,тЪая╕П MED,ЁЯРв SLOW,BULLISH
2026-01-07,COROMANDEL.NS,2319.9,22.6,-63.5,846.79,5,Active,тЪая╕П MED,ЁЯЪА FAST,BULLISH
2026-01-07,CRAFTSMAN.NS,7970.5,41.0,-84.2,1261.87,5,Active,ЁЯЫбя╕П HIGH,ЁЯЪА FAST,BULLISH
2026-01-07,CREDITACC.NS,1348.4,15.5,-61.9,514.23,5,Active,тЪая╕П MED,ЁЯЪА FAST,BULLISH
2026-01-07,CROMPTON.NS,264.4,35.4,-42.9,150.87,5,Active,ЁЯЫбя╕П HIGH,ЁЯРв SLOW,BULLISH
2026-01-07,CUMMINSIND.NS,4145.1,36.1,-80.5,807.51,5,Active,тЪая╕П MED,ЁЯЪА FAST,BULLISH
2026-01-07,CYIENT.NS,1147.7,8.3,-16.2,961.53,5,Active,тЪая╕П MED,ЁЯРв SLOW,BULLISH
2026-01-07,DCMSHRIRAM.NS,1229.6,25.7,-78.1,268.82,5,Active,тЪая╕П MED,ЁЯРв SLOW,BULLISH
2026-01-07,DLF.NS,702.55,23.1,-54.3,321.21,5,Active,тЪая╕П MED,ЁЯРв SLOW,BULLISH
2026-01-07,DOMS.NS,2629.8,27.8,-80.4,515.82,5,Active,тЪая╕П MED,ЁЯЪА FAST,BULLISH
2026-01-07,DABUR.NS,522.05,44.8,-76.3,123.62,5,Active,ЁЯЫбя╕П HIGH,ЁЯЪА FAST,BULLISH
2026-01-07,DALBHARAT.NS,2138.9,44.1,-73.7,563.37,5,Active,ЁЯЫбя╕П HIGH,ЁЯРв SLOW,BULLISH
2026-01-07,DATAPATTNS.NS,2670.3,10.5,-77.0,612.98,5,Active,тЪая╕П MED,ЁЯРв SLOW,BULLISH
2026-01-07,DEEPAKFERT.NS,1237.1,6.6,-26.3,911.86,5,Active,тЪая╕П MED,ЁЯРв SLOW,BULLISH
2026-01-07,DEEPAKNTR.NS,1622.0,9.8,-51.2,790.89,5,Active,тЪая╕П MED,ЁЯРв SLOW,BULLISH
2026-01-07,DELHIVERY.NS,415.6,21.1,-95.8,17.41,5,Active,тЪая╕П MED,ЁЯРв SLOW,BULLISH
2026-01-07,DEVYANI.NS,139.49,22.0,-63.2,51.36,5,Active,тЪая╕П MED,ЁЯРв SLOW,BULLISH
2026-01-07,DIVISLAB.NS,6694.5,33.2,-98.1,125.3,5,Active,ЁЯЫбя╕П HIGH,ЁЯРв SLOW,BULLISH
2026-01-07,DIXON.NS,11563.0,2.8,-95.3,537.92,5,Active,тЪая╕П MED,ЁЯРв SLOW,BULLISH
2026-01-07,AGARWALEYE.NS,520.15,33.5,-96.3,19.28,5,Active,тЪая╕П MED,ЁЯЪА FAST,BULLISH
2026-01-07,LALPATHLAB.NS,1463.7,39.5,-67.5,476.43,5,Active,ЁЯЫбя╕П HIGH,ЁЯРв SLOW,BULLISH
2026-01-07,DRREDDY.NS,1252.3,40.9,-82.1,223.56,5,Active,ЁЯЫбя╕П HIGH,ЁЯРв SLOW,BULLISH
2026-01-07,DUMMYHDLVR.NS,0.0,0.0,0.0,0.0,0,Data Error,тЪая╕П MED,ЁЯРв SLOW,BULLISH
2026-01-07,EIDPARRY.NS,1007.4,30.1,-23.2,774.12,5,Active,ЁЯЫбя╕П HIGH,ЁЯРв SLOW,BULLISH
2026-01-07,EIHOTEL.NS,352.6,29.3,-76.1,84.24,5,Active,тЪая╕П MED,ЁЯРв SLOW,BULLISH
2026-01-07,EICHERMOT.NS,7505.5,49.1,-77.9,1658.58,5,Active,ЁЯЫбя╕П HIGH,ЁЯЪА FAST,BULLISH
2026-01-07,ELECON.NS,482.65,4.7,-47.7,252.55,5,Active,тЪая╕П MED,ЁЯРв SLOW,BULLISH
2026-01-07,ELGIEQUIP.NS,468.85,16.0,-69.1,145.11,5,Active,тЪая╕П MED,ЁЯРв SLOW,BULLISH
2026-01-07,EMAMILTD.NS,523.55,29.9,-42.4,301.73,5,Active,ЁЯЫбя╕П HIGH,ЁЯРв SLOW,BULLISH
2026-01-07,EMCURE.NS,1534.4,27.7,-76.3,362.99,5,Active,тЪая╕П MED,ЁЯЪА FAST,BULLISH
2026-01-07,ENDURANCE.NS,2564.2,32.7,-79.5,526.04,5,Active,ЁЯЫбя╕П HIGH,ЁЯРв SLOW,BULLISH
2026-01-07,ENGINERSIN.NS,206.7,15.1,-91.0,18.53,5,Active,тЪая╕П MED,ЁЯРв SLOW,BULLISH
2026-01-07,ERIS.NS,1530.1,24.1,-32.5,1033.58,5,Active,тЪая╕П MED,ЁЯРв SLOW,BULLISH
2026-01-07,ESCORTS.NS,3931.9,40.1,-73.3,1051.07,5,Active,ЁЯЫбя╕П HIGH,ЁЯЪА FAST,BULLISH
2026-01-07,ETERNAL.NS,280.6,21.6,-96.8,8.96,5,Active,тЪая╕П MED,ЁЯЪА FAST,BULLISH
2026-01-07,EXIDEIND.NS,362.1,32.6,-60.0,144.71,5,Active,ЁЯЫбя╕П HIGH,ЁЯРв SLOW,BULLISH
2026-01-07,NYKAA.NS,268.5,46.9,-93.2,18.35,5,Active,ЁЯЫбя╕П HIGH,ЁЯЪА FAST,BULLISH
2026-01-07,FEDERALBNK.NS,256.2,57.8,2.1,261.65,5,Active,ЁЯЫбя╕П HIGH,ЁЯЪА FAST,BULLISH
2026-01-07,FACT.NS,877.7,12.9,-98.9,9.86,5,Active,тЪая╕П MED,ЁЯРв SLOW,BULLISH
2026-01-07,FINCABLES.NS,780.8,27.3,-9.2,708.9,5,Active,тЪая╕П MED,ЁЯРв SLOW,BULLISH
2026-01-07,FINPIPE.NS,179.87,30.2,-62.8,66.85,5,Active,ЁЯЫбя╕П HIGH,ЁЯРв SLOW,BULLISH
2026-01-07,FSL.NS,336.55,11.1,-69.4,102.99,5,Active,тЪая╕П MED,ЁЯРв SLOW,BULLISH
2026-01-07,FIVESTAR.NS,533.45,23.5,5.6,563.34,5,Active,тЪая╕П MED,ЁЯРв SLOW,BULLISH
2026-01-07,FORCEMOT.NS,20755.0,20.4,-65.8,7098.75,5,Active,тЪая╕П MED,ЁЯЪА FAST,BULLISH
2026-01-07,FORTIS.NS,941.85,47.1,-87.4,118.24,5,Active,ЁЯЫбя╕П HIGH,ЁЯЪА FAST,BULLISH
2026-01-07,GAIL.NS,169.1,43.0,8.6,183.66,5,Active,ЁЯЫбя╕П HIGH,ЁЯРв SLOW,BULLISH
2026-01-07,GVT&D.NS,3100.3,24.6,-84.1,493.19,5,Active,тЪая╕П MED,ЁЯЪА FAST,BULLISH
2026-01-07,GMRAIRPORT.NS,103.97,47.4,0.0,,5,Active,ЁЯЫбя╕П HIGH,ЁЯЪА FAST,BULLISH
2026-01-07,GRSE.NS,2484.8,8.2,-71.3,712.31,5,Active,тЪая╕П MED,ЁЯРв SLOW,BULLISH
2026-01-07,GICRE.NS,371.4,59.1,76.5,655.38,5,Active,тЪая╕П MED,ЁЯЪА FAST,BULLISH
2026-01-07,GILLETTE.NS,8090.0,31.0,-74.1,2097.65,5,Active,ЁЯЫбя╕П HIGH,ЁЯРв SLOW,BULLISH
2026-01-07,GLAND.NS,1687.7,27.3,-71.0,488.83,5,Active,тЪая╕П MED,ЁЯРв SLOW,BULLISH
2026-01-07,GLAXO.NS,2492.3,18.1,-53.6,1155.44,5,Active,тЪая╕П MED,ЁЯРв SLOW,BULLISH
2026-01-07,GLENMARK.NS,2082.2,37.4,-72.4,574.06,5,Active,ЁЯЫбя╕П HIGH,ЁЯЪА FAST,BULLISH
2026-01-07,MEDANTA.NS,1223.2,39.5,-77.3,277.27,5,Active,ЁЯЫбя╕П HIGH,ЁЯРв SLOW,BULLISH
2026-01-07,GODIGIT.NS,340.5,36.7,-79.1,71.2,5,Active,ЁЯЫбя╕П HIGH,ЁЯЪА FAST,BULLISH
2026-01-07,GPIL.NS,276.0,30.2,-69.1,85.38,5,Active,тЪая╕П MED,ЁЯЪА FAST,BULLISH
2026-01-07,GODFRYPHLP.NS,2186.1,2.8,-51.4,1063.31,5,Active,тЪая╕П MED,ЁЯРв SLOW,BULLISH
2026-01-07,GODREJAGRO.NS,566.65,21.6,5.7,599.03,5,Active,тЪая╕П MED,ЁЯРв SLOW,BULLISH
2026-01-07,GODREJCP.NS,1259.8,44.3,-76.3,298.98,5,Active,ЁЯЫбя╕П HIGH,ЁЯРв SLOW,BULLISH
2026-01-07,GODREJIND.NS,1022.1,25.8,-55.9,450.8,5,Active,тЪая╕П MED,ЁЯРв SLOW,BULLISH
2026-01-07,GODREJPROP.NS,2115.0,17.1,-66.0,719.05,5,Active,тЪая╕П MED,ЁЯРв SLOW,BULLISH
2026-01-07,GRANULES.NS,613.0,24.5,-69.3,188.0,5,Active,тЪая╕П MED,ЁЯЪА FAST,BULLISH
2026-01-07,GRAPHITE.NS,669.3,23.2,-60.6,263.6,5,Active,тЪая╕П MED,ЁЯЪА FAST,BULLISH
2026-01-07,GRASIM.NS,2858.1,45.1,-70.4,844.91,5,Active,ЁЯЫбя╕П HIGH,ЁЯЪА FAST,BULLISH
2026-01-07,GRAVITA.NS,1820.0,18.2,-79.6,371.5,5,Active,тЪая╕П MED,ЁЯЪА FAST,BULLISH
2026-01-07,GESHIP.NS,1102.6,62.2,44.7,1595.18,5,Active,ЁЯЫбя╕П HIGH,ЁЯЪА FAST,BULLISH
2026-01-07,FLUOROCHEM.NS,3487.2,34.4,-77.9,769.07,5,Active,ЁЯЫбя╕П HIGH,ЁЯЪА FAST,BULLISH
2026-01-07,GUJGASLTD.NS,434.0,35.4,-45.4,236.91,5,Active,ЁЯЫбя╕П HIGH,ЁЯРв SLOW,BULLISH
2026-01-07,GMDCLTD.NS,627.0,30.0,-67.8,202.08,5,Active,тЪая╕П MED,ЁЯЪА FAST,BULLISH
2026-01-07,GSPL.NS,316.8,66.6,52.8,483.96,5,Active,ЁЯЫбя╕П HIGH,ЁЯРв SLOW,BULLISH
2026-01-07,HEG.NS,634.0,27.8,-87.7,78.15,5,Active,тЪая╕П MED,ЁЯЪА FAST,BULLISH
2026-01-07,HBLENGINE.NS,955.85,21.3,-93.1,65.58,5,Active,тЪая╕П MED,ЁЯЪА FAST,BULLISH
2026-01-07,HCLTECH.NS,1636.6,32.4,-26.1,1209.62,5,Active,ЁЯЫбя╕П HIGH,ЁЯРв SLOW,BULLISH
2026-01-07,HDFCAMC.NS,2618.6,40.1,-66.1,888.67,5,Active,ЁЯЫбя╕П HIGH,ЁЯЪА FAST,BULLISH
2026-01-07,HDFCBANK.NS,952.8,43.8,-28.9,677.31,5,Active,ЁЯЫбя╕П HIGH,ЁЯРв SLOW,BULLISH
2026-01-07,HDFCLIFE.NS,773.05,45.3,-83.2,129.88,5,Active,ЁЯЫбя╕П HIGH,ЁЯРв SLOW,BULLISH
2026-01-07,HFCL.NS,70.4,14.1,-74.5,17.94,5,Active,тЪая╕П MED,ЁЯРв SLOW,BULLISH
2026-01-07,HAPPSTMNDS.NS,457.4,29.5,-49.3,232.01,5,Active,ЁЯЫбя╕П HIGH,ЁЯРв SLOW,BULLISH
2026-01-07,HAVELLS.NS,1507.3,38.8,-87.7,184.92,5,Active,ЁЯЫбя╕П HIGH,ЁЯРв SLOW,BULLISH
2026-01-07,HEROMOTOCO.NS,5988.5,51.0,-55.6,2660.57,5,Active,ЁЯЫбя╕П HIGH,ЁЯЪА FAST,BULLISH
2026-01-07,HEXT.NS,740.25,9.7,-51.4,359.39,5,Active,тЪая╕П MED,ЁЯРв SLOW,BULLISH
2026-01-07,HSCL.NS,481.0,21.0,-82.4,84.64,5,Active,тЪая╕П MED,ЁЯРв SLOW,BULLISH
2026-01-07,HINDALCO.NS,950.25,38.1,-72.6,260.33,5,Active,тЪая╕П MED,ЁЯЪА FAST,BULLISH
2026-01-07,HAL.NS,4516.5,23.5,-39.1,2749.81,5,Active,тЪая╕П MED,ЁЯРв SLOW,BULLISH
2026-01-07,HINDCOPPER.NS,570.9,22.5,-96.5,19.89,5,Active,тЪая╕П MED,ЁЯЪА FAST,BULLISH
2026-01-07,HINDPETRO.NS,482.55,37.6,-30.0,337.98,5,Active,ЁЯЫбя╕П HIGH,ЁЯЪА FAST,BULLISH
2026-01-07,HINDUNILVR.NS,2408.0,45.0,-71.0,698.7,5,Active,ЁЯЫбя╕П HIGH,ЁЯРв SLOW,BULLISH
2026-01-07,HINDZINC.NS,647.7,31.6,-42.6,371.8,5,Active,тЪая╕П MED,ЁЯЪА FAST,BULLISH
2026-01-07,POWERINDIA.NS,19152.0,10.5,-75.3,4736.88,5,Active,тЪая╕П MED,ЁЯРв SLOW,BULLISH
2026-01-07,HOMEFIRST.NS,1061.8,15.0,-46.4,568.79,5,Active,тЪая╕П MED,ЁЯРв SLOW,BULLISH
2026-01-07,HONASA.NS,303.15,31.1,-87.2,38.89,5,Active,тЪая╕П MED,ЁЯЪА FAST,BULLISH
2026-01-07,HONAUT.NS,34095.0,35.0,-79.6,6971.39,5,Active,ЁЯЫбя╕П HIGH,ЁЯРв SLOW,BULLISH
2026-01-07,HUDCO.NS,225.13,22.8,-7.0,209.37,5,Active,тЪая╕П MED,ЁЯРв SLOW,BULLISH
2026-01-07,HYUNDAI.NS,2315.8,39.3,-53.6,1073.93,5,Active,ЁЯЫбя╕П HIGH,ЁЯЪА FAST,BULLISH
2026-01-07,ICICIBANK.NS,1408.6,45.4,-21.6,1104.03,5,Active,ЁЯЫбя╕П HIGH,ЁЯРв SLOW,BULLISH
2026-01-07,ICICIGI.NS,2015.3,43.8,-61.3,779.45,5,Active,ЁЯЫбя╕П HIGH,ЁЯРв SLOW,BULLISH
2026-01-07,ICICIPRULI.NS,690.1,42.9,-81.6,126.78,5,Active,ЁЯЫбя╕П HIGH,ЁЯЪА FAST,BULLISH
2026-01-07,IDBI.NS,108.37,36.9,1.3,109.8,5,Active,тЪая╕П MED,ЁЯЪА FAST,BULLISH
2026-01-07,IDFCFIRSTB.NS,85.72,40.4,-68.7,26.82,5,Active,ЁЯЫбя╕П HIGH,ЁЯЪА FAST,BULLISH
2026-01-07,IFCI.NS,52.03,12.3,-81.1,9.82,5,Active,тЪая╕П MED,ЁЯРв SLOW,BULLISH
2026-01-07,IIFL.NS,663.95,26.7,-79.2,137.85,5,Active,тЪая╕П MED,ЁЯЪА FAST,BULLISH
2026-01-07,INOXINDIA.NS,1131.5,36.6,-65.9,385.28,5,Active,ЁЯЫбя╕П HIGH,ЁЯРв SLOW,BULLISH
2026-01-07,IRB.NS,42.48,34.5,6.9,45.41,5,Active,тЪая╕П MED,ЁЯРв SLOW,BULLISH
2026-01-07,IRCON.NS,178.66,16.2,-33.0,119.66,5,Active,тЪая╕П MED,ЁЯРв SLOW,BULLISH
2026-01-07,ITCHOTELS.NS,198.67,33.1,-84.4,31.01,5,Active,ЁЯЫбя╕П HIGH,ЁЯРв SLOW,BULLISH
2026-01-07,ITC.NS,343.8,32.7,-44.9,189.53,5,Active,ЁЯЫбя╕П HIGH,ЁЯРв SLOW,BULLISH
2026-01-07,ITI.NS,309.0,22.2,0.0,,5,Active,тЪая╕П MED,ЁЯРв SLOW,BULLISH
2026-01-07,INDGN.NS,523.15,18.1,-49.3,265.37,5,Active,тЪая╕П MED,ЁЯРв SLOW,BULLISH
2026-01-07,INDIACEM.NS,454.35,34.4,0.0,,5,Active,тЪая╕П MED,ЁЯЪА FAST,BULLISH
2026-01-07,INDIAMART.NS,2165.1,29.5,-26.8,1584.83,5,Active,ЁЯЫбя╕П HIGH,ЁЯРв SLOW,BULLISH
2026-01-07,INDIANB.NS,860.85,69.3,50.3,1293.5,5,Active,ЁЯЫбя╕П HIGH,ЁЯЪА FAST,BULLISH
2026-01-07,IEX.NS,150.0,0.9,-50.2,74.66,5,Active,тЪая╕П MED,ЁЯРв SLOW,BULLISH
2026-01-07,INDHOTEL.NS,709.9,24.0,-83.5,117.12,5,Active,тЪая╕П MED,ЁЯРв SLOW,BULLISH
2026-01-07,IOC.NS,163.44,49.1,-8.8,148.98,5,Active,ЁЯЫбя╕П HIGH,ЁЯЪА FAST,BULLISH
2026-01-07,IOB.NS,36.7,19.1,-25.7,27.28,5,Active,тЪая╕П MED,ЁЯРв SLOW,BULLISH
2026-01-07,IRCTC.NS,672.05,35.0,-77.4,151.95,5,Active,ЁЯЫбя╕П HIGH,ЁЯРв SLOW,BULLISH
2026-01-07,IRFC.NS,128.06,25.1,-39.9,76.97,5,Active,тЪая╕П MED,ЁЯРв SLOW,BULLISH
2026-01-07,IREDA.NS,144.2,16.9,-35.1,93.53,5,Active,тЪая╕П MED,ЁЯРв SLOW,BULLISH
2026-01-07,IGL.NS,189.35,29.7,-39.6,114.33,5,Active,ЁЯЫбя╕П HIGH,ЁЯРв SLOW,BULLISH
2026-01-07,INDUSTOWER.NS,432.15,62.1,74.6,754.52,5,Active,тЪая╕П MED,ЁЯЪА FAST,BULLISH
2026-01-07,INDUSINDBK.NS,919.0,13.7,-44.3,511.46,5,Active,тЪая╕П MED,ЁЯЪА FAST,BULLISH
2026-01-07,NAUKRI.NS,1372.8,24.5,-86.2,189.44,5,Active,тЪая╕П MED,ЁЯРв SLOW,BULLISH
2026-01-07,INFY.NS,1630.4,39.6,-99.0,15.63,5,Active,ЁЯЫбя╕П HIGH,ЁЯЪА FAST,BULLISH
2026-01-07,INOXWIND.NS,124.71,6.0,-67.8,40.12,5,Active,тЪая╕П MED,ЁЯРв SLOW,BULLISH
2026-01-07,INTELLECT.NS,958.8,7.7,-69.7,290.17,5,Active,тЪая╕П MED,ЁЯРв SLOW,BULLISH
2026-01-07,INDIGO.NS,5006.5,57.3,80.2,9023.07,5,Active,тЪая╕П MED,ЁЯРв SLOW,BULLISH
2026-01-07,IGIL.NS,321.8,6.5,-60.6,126.68,5,Active,тЪая╕П MED,ЁЯРв SLOW,BULLISH
2026-01-07,IKS.NS,1669.5,15.5,-84.7,254.7,5,Active,тЪая╕П MED,ЁЯЪА FAST,BULLISH
2026-01-07,IPCALAB.NS,1485.1,25.8,-77.6,332.81,5,Active,тЪая╕П MED,ЁЯЪА FAST,BULLISH
2026-01-07,JBCHEPHARM.NS,1885.3,34.2,-59.0,772.47,5,Active,тЪая╕П MED,ЁЯЪА FAST,BULLISH
2026-01-07,JKCEMENT.NS,5775.5,32.8,-92.4,439.68,5,Active,ЁЯЫбя╕П HIGH,ЁЯРв SLOW,BULLISH
2026-01-07,JBMA.NS,651.7,25.1,-72.7,177.81,5,Active,тЪая╕П MED,ЁЯЪА FAST,BULLISH
2026-01-07,JKTYRE.NS,513.8,38.1,-92.0,41.34,5,Active,тЪая╕П MED,ЁЯЪА FAST,BULLISH
2026-01-07,JMFINANCIL.NS,143.35,13.8,-7.3,132.87,5,Active,тЪая╕П MED,ЁЯРв SLOW,BULLISH
2026-01-07,JSWCEMENT.NS,122.6,,0.0,,5,Active,ЁЯЫбя╕П HIGH,ЁЯРв SLOW,BULLISH
2026-01-07,JSWENERGY.NS,515.65,21.3,-66.5,172.82,5,Active,тЪая╕П MED,ЁЯРв SLOW,BULLISH
2026-01-07,JSWINFRA.NS,277.0,21.6,-99.3,1.85,5,Active,тЪая╕П MED,ЁЯРв SLOW,BULLISH
2026-01-07,JSWSTEEL.NS,1179.9,41.9,-56.0,519.71,5,Active,ЁЯЫбя╕П HIGH,ЁЯЪА FAST,BULLISH
2026-01-07,JPPOWER.NS,17.48,44.7,90.0,33.22,5,Active,тЪая╕П MED,ЁЯРв SLOW,BULLISH
2026-01-07,J&KBANK.NS,105.15,60.9,178.2,292.49,5,Active,тЪая╕П MED,ЁЯРв SLOW,BULLISH
2026-01-07,JINDALSAW.NS,171.29,43.3,84.8,316.59,5,Active,тЪая╕П MED,ЁЯРв SLOW,BULLISH
2026-01-07,JSL.NS,874.95,26.1,-39.2,532.09,5,Active,тЪая╕П MED,ЁЯЪА FAST,BULLISH
2026-01-07,JINDALSTEL.NS,1085.3,34.5,-97.0,32.98,5,Active,тЪая╕П MED,ЁЯЪА FAST,BULLISH
2026-01-07,JIOFIN.NS,298.05,26.7,-86.8,39.27,5,Active,тЪая╕П MED,ЁЯРв SLOW,BULLISH
2026-01-07,JUBLFOOD.NS,541.15,27.5,-65.6,186.38,5,Active,ЁЯЫбя╕П HIGH,ЁЯРв SLOW,BULLISH
2026-01-07,JUBLINGREA.NS,746.15,17.2,-81.3,139.37,5,Active,тЪая╕П MED,ЁЯРв SLOW,BULLISH
2026-01-07,JUBLPHARMA.NS,1081.7,24.0,-24.1,820.52,5,Active,тЪая╕П MED,ЁЯРв SLOW,BULLISH
2026-01-07,JWL.NS,330.05,11.6,-58.1,138.38,5,Active,тЪая╕П MED,ЁЯРв SLOW,BULLISH
2026-01-07,JYOTHYLAB.NS,280.8,31.7,-62.0,106.71,5,Active,ЁЯЫбя╕П HIGH,ЁЯРв SLOW,BULLISH
2026-01-07,JYOTICNC.NS,970.3,10.8,-77.8,214.98,5,Active,тЪая╕П MED,ЁЯРв SLOW,BULLISH
2026-01-07,KPRMILL.NS,905.9,13.0,-38.4,557.92,5,Active,тЪая╕П MED,ЁЯРв SLOW,BULLISH
2026-01-07,KEI.NS,4571.9,16.7,-75.3,1127.03,5,Active,тЪая╕П MED,ЁЯЪА FAST,BULLISH
2026-01-07,KPITTECH.NS,1169.7,16.3,-38.7,716.52,5,Active,тЪая╕П MED,ЁЯРв SLOW,BULLISH
2026-01-07,KSB.NS,746.8,35.1,-89.7,76.98,5,Active,ЁЯЫбя╕П HIGH,ЁЯРв SLOW,BULLISH
2026-01-07,KAJARIACER.NS,1010.1,38.1,-73.0,272.45,5,Active,ЁЯЫбя╕П HIGH,ЁЯРв SLOW,BULLISH
2026-01-07,KPIL.NS,1192.0,21.3,-74.2,307.42,5,Active,тЪая╕П MED,ЁЯЪА FAST,BULLISH
2026-01-07,KALYANKJIL.NS,507.9,7.4,-78.0,111.55,5,Active,тЪая╕П MED,ЁЯРв SLOW,BULLISH
2026-01-07,KARURVYSYA.NS,274.25,58.0,13.3,310.84,5,Active,ЁЯЫбя╕П HIGH,ЁЯЪА FAST,BULLISH
2026-01-07,KAYNES.NS,3745.8,0.7,-81.9,677.23,5,Active,тЪая╕П MED,ЁЯРв SLOW,BULLISH
2026-01-07,KEC.NS,725.3,8.1,-81.0,137.48,5,Active,тЪая╕П MED,ЁЯРв SLOW,BULLISH
2026-01-07,KFINTECH.NS,1068.2,4.4,-73.7,280.57,5,Active,тЪая╕П MED,ЁЯРв SLOW,BULLISH
2026-01-07,KIRLOSBROS.NS,1614.1,10.4,-64.3,576.6,5,Active,тЪая╕П MED,ЁЯРв SLOW,BULLISH
2026-01-07,KIRLOSENG.NS,1247.9,34.7,-58.3,520.69,5,Active,тЪая╕П MED,ЁЯЪА FAST,BULLISH
2026-01-07,KOTAKBANK.NS,2144.7,40.7,-19.7,1721.27,5,Active,ЁЯЫбя╕П HIGH,ЁЯРв SLOW,BULLISH
2026-01-07,KIMS.NS,626.05,28.9,-76.3,148.67,5,Active,ЁЯЫбя╕П HIGH,ЁЯРв SLOW,BULLISH
2026-01-07,LTF.NS,315.85,45.5,-48.3,163.41,5,Active,ЁЯЫбя╕П HIGH,ЁЯЪА FAST,BULLISH
2026-01-07,LTTS.NS,4364.3,33.4,-54.2,2001.01,5,Active,ЁЯЫбя╕П HIGH,ЁЯЪА FAST,BULLISH
2026-01-07,LICHSGFIN.NS,543.55,68.9,181.6,1530.71,5,Active,ЁЯЫбя╕П HIGH,ЁЯРв SLOW,BULLISH
2026-01-07,LTFOODS.NS,376.5,15.9,-73.6,99.55,5,Active,тЪая╕П MED,ЁЯРв SLOW,BULLISH
2026-01-07,LTIM.NS,6031.0,36.9,-68.9,1877.58,5,Active,ЁЯЫбя╕П HIGH,ЁЯЪА FAST,BULLISH
2026-01-07,LT.NS,4116.7,46.8,-87.0,533.32,5,Active,ЁЯЫбя╕П HIGH,ЁЯЪА FAST,BULLISH
2026-01-07,LATENTVIEW.NS,462.0,24.9,-81.5,85.44,5,Active,тЪая╕П MED,ЁЯЪА FAST,BULLISH
2026-01-07,LAURUSLABS.NS,1125.4,20.3,-90.9,102.69,5,Active,тЪая╕П MED,ЁЯЪА FAST,BULLISH
2026-01-07,THELEELA.NS,420.0,37.3,-61.9,159.91,5,Active,ЁЯЫбя╕П HIGH,ЁЯЪА FAST,BULLISH
2026-01-07,LEMONTREE.NS,147.25,33.0,-40.8,87.1,5,Active,ЁЯЫбя╕П HIGH,ЁЯЪА FAST,BULLISH
2026-01-07,LICI.NS,846.7,60.9,39.6,1181.94,5,Active,ЁЯЫбя╕П HIGH,ЁЯРв SLOW,BULLISH
2026-01-07,LINDEINDIA.NS,5966.0,29.7,-86.2,825.13,5,Active,ЁЯЫбя╕П HIGH,ЁЯРв SLOW,BULLISH
2026-01-07,LLOYDSME.NS,1319.4,11.4,-68.8,412.24,5,Active,тЪая╕П MED,ЁЯРв SLOW,BULLISH
2026-01-07,LODHA.NS,1121.7,8.8,-84.9,169.11,5,Active,тЪая╕П MED,ЁЯРв SLOW,BULLISH
2026-01-07,LUPIN.NS,2187.0,36.4,-79.6,446.23,5,Active,ЁЯЫбя╕П HIGH,ЁЯЪА FAST,BULLISH
2026-01-07,MMTC.NS,66.49,16.9,-86.6,8.94,5,Active,тЪая╕П MED,ЁЯРв SLOW,BULLISH
2026-01-07,MRF.NS,149840.0,47.4,-86.4,20414.81,5,Active,ЁЯЫбя╕П HIGH,ЁЯЪА FAST,BULLISH
2026-01-07,MGL.NS,1077.0,17.7,-67.7,347.45,5,Active,тЪая╕П MED,ЁЯРв SLOW,BULLISH
2026-01-07,MAHSCOOTER.NS,14120.0,24.8,-79.4,2901.74,5,Active,тЪая╕П MED,ЁЯРв SLOW,BULLISH
2026-01-07,MAHSEAMLES.NS,558.3,33.5,21.3,677.06,5,Active,тЪая╕П MED,ЁЯРв SLOW,BULLISH
2026-01-07,M&MFIN.NS,369.0,40.7,-31.7,251.87,5,Active,ЁЯЫбя╕П HIGH,ЁЯЪА FAST,BULLISH
2026-01-07,M&M.NS,3771.1,41.7,-55.8,1666.85,5,Active,ЁЯЫбя╕П HIGH,ЁЯЪА FAST,BULLISH
2026-01-07,MANAPPURAM.NS,306.8,36.5,-27.5,222.29,5,Active,тЪая╕П MED,ЁЯЪА FAST,BULLISH
2026-01-07,MRPL.NS,149.0,25.8,-47.4,78.36,5,Active,тЪая╕П MED,ЁЯЪА FAST,BULLISH
2026-01-07,MANKIND.NS,2239.5,34.3,-68.5,705.58,5,Active,ЁЯЫбя╕П HIGH,ЁЯРв SLOW,BULLISH
2026-01-07,MARICO.NS,776.7,48.2,-81.5,143.63,5,Active,ЁЯЫбя╕П HIGH,ЁЯЪА FAST,BULLISH
2026-01-07,MARUTI.NS,17120.0,52.7,-84.2,2704.31,5,Active,ЁЯЫбя╕П HIGH,ЁЯЪА FAST,BULLISH
2026-01-07,MFSL.NS,1741.6,48.5,-91.6,146.69,5,Active,ЁЯЫбя╕П HIGH,ЁЯЪА FAST,BULLISH
2026-01-07,MAXHEALTH.NS,1045.0,18.1,-92.5,78.51,5,Active,тЪая╕П MED,ЁЯРв SLOW,BULLISH
2026-01-07,MAZDOCK.NS,2486.7,6.6,-80.4,488.38,5,Active,тЪая╕П MED,ЁЯРв SLOW,BULLISH
2026-01-07,METROPOLIS.NS,1980.0,40.3,-70.7,579.58,5,Active,ЁЯЫбя╕П HIGH,ЁЯЪА FAST,BULLISH
2026-01-07,MINDACORP.NS,599.5,37.4,-78.7,127.72,5,Active,ЁЯЫбя╕П HIGH,ЁЯЪА FAST,BULLISH
2026-01-07,MSUMI.NS,50.95,49.3,-99.1,0.45,5,Active,ЁЯЫбя╕П HIGH,ЁЯЪА FAST,BULLISH
2026-01-07,MOTILALOFS.NS,854.75,12.7,-24.7,643.85,5,Active,тЪая╕П MED,ЁЯРв SLOW,BULLISH
2026-01-07,MPHASIS.NS,2831.5,26.9,-47.1,1498.97,5,Active,тЪая╕П MED,ЁЯРв SLOW,BULLISH
2026-01-07,MCX.NS,2294.0,24.9,-85.2,340.44,5,Active,тЪая╕П MED,ЁЯЪА FAST,BULLISH
2026-01-07,MUTHOOTFIN.NS,3926.0,36.1,-47.7,2055.13,5,Active,тЪая╕П MED,ЁЯЪА FAST,BULLISH
2026-01-07,NATCOPHARM.NS,944.6,18.6,8.4,1023.76,5,Active,тЪая╕П MED,ЁЯРв SLOW,BULLISH
2026-01-07,NBCC.NS,118.24,26.0,-83.6,19.33,5,Active,тЪая╕П MED,ЁЯЪА FAST,BULLISH
2026-01-07,NCC.NS,158.14,4.8,-34.2,104.04,5,Active,тЪая╕П MED,ЁЯРв SLOW,BULLISH
2026-01-07,NHPC.NS,83.27,37.7,-44.4,46.31,5,Active,ЁЯЫбя╕П HIGH,ЁЯРв SLOW,BULLISH
2026-01-07,NLCINDIA.NS,274.4,39.6,-33.4,182.64,5,Active,ЁЯЫбя╕П HIGH,ЁЯЪА FAST,BULLISH
2026-01-07,NMDC.NS,85.0,52.6,35.4,115.12,5,Active,тЪая╕П MED,ЁЯЪА FAST,BULLISH
2026-01-07,NSLNISP.NS,45.87,65.2,77.1,81.22,5,Active,тЪая╕П MED,ЁЯЪА FAST,BULLISH
2026-01-07,NTPCGREEN.NS,93.25,23.6,-90.6,8.73,5,Active,тЪая╕П MED,ЁЯРв SLOW,BULLISH
2026-01-07,NTPC.NS,348.7,46.4,-58.1,146.03,5,Active,ЁЯЫбя╕П HIGH,ЁЯЪА FAST,BULLISH
2026-01-07,NH.NS,1944.7,35.9,-69.0,601.91,5,Active,ЁЯЫбя╕П HIGH,ЁЯРв SLOW,BULLISH
2026-01-07,NATIONALUM.NS,355.4,37.1,9.1,387.9,5,Active,тЪая╕П MED,ЁЯЪА FAST,BULLISH
2026-01-07,NAVA.NS,608.5,36.6,17.3,713.51,5,Active,тЪая╕П MED,ЁЯЪА FAST,BULLISH
2026-01-07,NAVINFLUOR.NS,5740.5,38.4,-99.8,12.2,5,Active,ЁЯЫбя╕П HIGH,ЁЯЪА FAST,BULLISH
2026-01-07,NESTLEIND.NS,1319.2,47.8,-94.4,74.43,5,Active,ЁЯЫбя╕П HIGH,ЁЯЪА FAST,BULLISH
2026-01-07,NETWEB.NS,3336.1,18.8,-90.6,312.61,5,Active,тЪая╕П MED,ЁЯЪА FAST,BULLISH
2026-01-07,NEULANDLAB.NS,14645.0,20.3,-90.9,1337.55,5,Active,тЪая╕П MED,ЁЯЪА FAST,BULLISH
2026-01-07,NEWGEN.NS,834.05,2.4,-74.7,210.73,5,Active,тЪая╕П MED,ЁЯРв SLOW,BULLISH
2026-01-07,NAM-INDIA.NS,887.0,25.1,-64.8,312.39,5,Active,тЪая╕П MED,ЁЯЪА FAST,BULLISH
2026-01-07,NIVABUPA.NS,74.6,17.6,-76.0,17.9,5,Active,тЪая╕П MED,ЁЯРв SLOW,BULLISH
2026-01-07,NUVAMA.NS,1486.5,14.4,-43.5,839.21,5,Active,тЪая╕П MED,ЁЯЪА FAST,BULLISH
2026-01-07,NUVOCO.NS,351.85,46.2,20.5,423.82,5,Active,ЁЯЫбя╕П HIGH,ЁЯРв SLOW,BULLISH
2026-01-07,OBEROIRLTY.NS,1712.8,20.0,-63.5,625.6,5,Active,тЪая╕П MED,ЁЯРв SLOW,BULLISH
2026-01-07,ONGC.NS,239.87,77.0,80.4,432.79,5,Active,ЁЯЫбя╕П HIGH,ЁЯЪА FAST,BULLISH
2026-01-07,OIL.NS,419.2,44.9,48.6,623.09,5,Active,тЪая╕П MED,ЁЯРв SLOW,BULLISH
2026-01-07,OLAELEC.NS,43.85,23.0,0.0,,5,Active,тЪая╕П MED,ЁЯЪА FAST,BULLISH
2026-01-07,OLECTRA.NS,1211.7,20.5,-78.4,261.79,5,Active,тЪая╕П MED,ЁЯРв SLOW,BULLISH
2026-01-07,PAYTM.NS,1324.0,30.9,0.0,,5,Active,тЪая╕П MED,ЁЯЪА FAST,BULLISH
2026-01-07,ONESOURCE.NS,1785.0,18.5,0.0,,5,Active,тЪая╕П MED,ЁЯРв SLOW,BULLISH
2026-01-07,OFSS.NS,7668.0,29.5,-49.8,3846.99,5,Active,ЁЯЫбя╕П HIGH,ЁЯРв SLOW,BULLISH
2026-01-07,POLICYBZR.NS,1740.1,13.9,-93.2,118.37,5,Active,тЪая╕П MED,ЁЯРв SLOW,BULLISH
2026-01-07,PCBL.NS,293.25,10.7,-41.7,170.89,5,Active,тЪая╕П MED,ЁЯРв SLOW,BULLISH
2026-01-07,PGEL.NS,625.8,2.6,-75.0,156.54,5,Active,тЪая╕П MED,ЁЯРв SLOW,BULLISH
2026-01-07,PIIND.NS,3259.2,30.4,-82.4,574.17,5,Active,ЁЯЫбя╕П HIGH,ЁЯРв SLOW,BULLISH
2026-01-07,PNBHOUSING.NS,1002.9,21.6,14.7,1149.85,5,Active,тЪая╕П MED,ЁЯРв SLOW,BULLISH
2026-01-07,PTCIL.NS,17760.0,19.2,-96.5,629.67,5,Active,тЪая╕П MED,ЁЯЪА FAST,BULLISH
2026-01-07,PVRINOX.NS,1031.1,69.0,149.6,2573.25,5,Active,тЪая╕П MED,ЁЯЪА FAST,BULLISH
2026-01-07,PAGEIND.NS,35485.0,33.0,-56.1,15591.13,5,Active,ЁЯЫбя╕П HIGH,ЁЯРв SLOW,BULLISH
2026-01-07,PATANJALI.NS,579.2,43.6,-98.7,7.51,5,Active,ЁЯЫбя╕П HIGH,ЁЯЪА FAST,BULLISH
2026-01-07,PERSISTENT.NS,6359.0,23.6,-85.6,914.39,5,Active,тЪая╕П MED,ЁЯЪА FAST,BULLISH
2026-01-07,PETRONET.NS,296.2,43.9,2.4,303.34,5,Active,ЁЯЫбя╕П HIGH,ЁЯРв SLOW,BULLISH
2026-01-07,PFIZER.NS,4953.4,37.7,-56.9,2135.99,5,Active,ЁЯЫбя╕П HIGH,ЁЯРв SLOW,BULLISH
2026-01-07,PHOENIXLTD.NS,1959.9,27.7,-78.3,425.82,5,Active,тЪая╕П MED,ЁЯЪА FAST,BULLISH
2026-01-07,PIDILITIND.NS,1504.0,46.0,-81.5,278.85,5,Active,ЁЯЫбя╕П HIGH,ЁЯРв SLOW,BULLISH
2026-01-07,PPLPHARMA.NS,182.95,15.3,-85.4,26.66,5,Active,тЪая╕П MED,ЁЯРв SLOW,BULLISH
2026-01-07,POLYMED.NS,1757.4,11.5,-70.6,516.77,5,Active,тЪая╕П MED,ЁЯРв SLOW,BULLISH
2026-01-07,POLYCAB.NS,7910.0,16.4,-89.1,862.11,5,Active,тЪая╕П MED,ЁЯЪА FAST,BULLISH
2026-01-07,POONAWALLA.NS,477.05,29.3,-103.9,-18.84,5,Active,тЪая╕П MED,ЁЯЪА FAST,BULLISH
2026-01-07,PFC.NS,374.95,66.1,187.5,1077.84,5,Active,ЁЯЫбя╕П HIGH,ЁЯРв SLOW,BULLISH
2026-01-07,POWERGRID.NS,267.5,39.4,-24.8,201.1,5,Active,ЁЯЫбя╕П HIGH,ЁЯРв SLOW,BULLISH
2026-01-07,PRAJIND.NS,321.6,10.9,-42.7,184.25,5,Active,тЪая╕П MED,ЁЯРв SLOW,BULLISH
2026-01-07,PREMIERENE.NS,755.2,4.0,-66.8,250.73,5,Active,тЪая╕П MED,ЁЯРв SLOW,BULLISH
2026-01-07,PRESTIGE.NS,1642.4,23.2,-89.8,167.92,5,Active,тЪая╕П MED,ЁЯРв SLOW,BULLISH
2026-01-07,PGHH.NS,12856.0,40.1,-84.2,2029.67,5,Active,ЁЯЫбя╕П HIGH,ЁЯРв SLOW,BULLISH
2026-01-07,PNB.NS,125.65,74.4,98.0,248.77,5,Active,ЁЯЫбя╕П HIGH,ЁЯЪА FAST,BULLISH
2026-01-07,RRKABEL.NS,1535.2,16.2,-88.7,174.2,5,Active,тЪая╕П MED,ЁЯЪА FAST,BULLISH
2026-01-07,RBLBANK.NS,315.0,44.3,-42.9,179.76,5,Active,ЁЯЫбя╕П HIGH,ЁЯЪА FAST,BULLISH
2026-01-07,RECLTD.NS,384.0,60.4,143.0,933.27,5,Active,тЪая╕П MED,ЁЯЪА FAST,BULLISH
2026-01-07,RHIM.NS,498.65,34.4,-61.8,190.27,5,Active,тЪая╕П MED,ЁЯЪА FAST,BULLISH
2026-01-07,RITES.NS,242.28,19.2,-33.0,162.39,5,Active,тЪая╕П MED,ЁЯРв SLOW,BULLISH
2026-01-07,RADICO.NS,3153.6,29.7,-93.3,210.2,5,Active,тЪая╕П MED,ЁЯЪА FAST,BULLISH
2026-01-07,RVNL.NS,361.55,15.5,-70.3,107.33,5,Active,тЪая╕П MED,ЁЯРв SLOW,BULLISH
2026-01-07,RAILTEL.NS,370.4,13.9,-61.0,144.53,5,Active,тЪая╕П MED,ЁЯРв SLOW,BULLISH
2026-01-07,RAINBOW.NS,1291.3,33.8,-70.5,380.83,5,Active,ЁЯЫбя╕П HIGH,ЁЯРв SLOW,BULLISH
2026-01-07,RKFORGE.NS,520.6,16.9,-31.8,355.16,5,Active,тЪая╕П MED,ЁЯРв SLOW,BULLISH
2026-01-07,RCF.NS,144.7,54.4,197.8,430.88,5,Active,тЪая╕П MED,ЁЯРв SLOW,BULLISH
2026-01-07,REDINGTON.NS,287.85,11.2,-91.1,25.62,5,Active,тЪая╕П MED,ЁЯРв SLOW,BULLISH
2026-01-07,RELIANCE.NS,1513.5,45.3,-70.7,442.86,5,Active,ЁЯЫбя╕П HIGH,ЁЯРв SLOW,BULLISH
2026-01-07,RPOWER.NS,35.06,,,,5,Active,тЪая╕П MED,ЁЯРв SLOW,BULLISH
2026-01-07,SBFC.NS,102.75,32.1,-52.6,48.75,5,Active,ЁЯЫбя╕П HIGH,ЁЯРв SLOW,BULLISH
2026-01-07,SBICARD.NS,895.4,35.4,-65.2,311.58,5,Active,ЁЯЫбя╕П HIGH,ЁЯРв SLOW,BULLISH
2026-01-07,SBILIFE.NS,2099.1,50.0,-82.3,372.32,5,Active,ЁЯЫбя╕П HIGH,ЁЯЪА FAST,BULLISH
2026-01-07,SJVN.NS,83.1,19.7,-61.2,32.27,5,Active,тЪая╕П MED,ЁЯРв SLOW,BULLISH
2026-01-07,SRF.NS,3067.1,40.2,-78.6,655.57,5,Active,ЁЯЫбя╕П HIGH,ЁЯРв SLOW,BULLISH
2026-01-07,SAGILITY.NS,51.82,30.2,-30.5,36.01,5,Active,тЪая╕П MED,ЁЯЪА FAST,BULLISH
2026-01-07,SAILIFE.NS,971.8,25.4,-87.2,124.61,5,Active,тЪая╕П MED,ЁЯЪА FAST,BULLISH
2026-01-07,SAMMAANCAP.NS,148.44,17.1,-331.8,-344.04,5,Active,тЪая╕П MED,ЁЯЪА FAST,BULLISH
2026-01-07,MOTHERSON.NS,120.21,30.1,-79.0,25.29,5,Active,тЪая╕П MED,ЁЯЪА FAST,BULLISH
2026-01-07,SAPPHIRE.NS,229.0,18.4,-48.9,117.04,5,Active,тЪая╕П MED,ЁЯРв SLOW,BULLISH
2026-01-07,SARDAEN.NS,508.5,20.3,-65.9,173.59,5,Active,тЪая╕П MED,ЁЯЪА FAST,BULLISH
2026-01-07,SAREGAMA.NS,352.3,8.0,-61.3,136.49,5,Active,тЪая╕П MED,ЁЯРв SLOW,BULLISH
2026-01-07,SCHAEFFLER.NS,3778.6,30.7,-97.5,94.87,5,Active,ЁЯЫбя╕П HIGH,ЁЯРв SLOW,BULLISH
2026-01-07,SCHNEIDER.NS,703.85,16.4,-77.5,158.4,5,Active,тЪая╕П MED,ЁЯРв SLOW,BULLISH
2026-01-07,SCI.NS,228.96,20.0,-19.1,185.2,5,Active,тЪая╕П MED,ЁЯЪА FAST,BULLISH
2026-01-07,SHREECEM.NS,27265.0,40.6,-87.2,3497.31,5,Active,ЁЯЫбя╕П HIGH,ЁЯРв SLOW,BULLISH
2026-01-07,SHRIRAMFIN.NS,993.85,33.9,-20.9,785.66,5,Active,тЪая╕П MED,ЁЯЪА FAST,BULLISH
2026-01-07,SHYAMMETL.NS,836.15,31.5,-39.6,504.96,5,Active,ЁЯЫбя╕П HIGH,ЁЯРв SLOW,BULLISH
2026-01-07,ENRIN.NS,2586.0,23.8,-42.0,1500.6,5,Active,тЪая╕П MED,ЁЯРв SLOW,BULLISH
2026-01-07,SIEMENS.NS,3124.7,23.4,-70.7,914.15,5,Active,тЪая╕П MED,ЁЯРв SLOW,BULLISH
2026-01-07,SIGNATURE.NS,1116.5,25.6,-55.0,502.06,5,Active,тЪая╕П MED,ЁЯРв SLOW,BULLISH
2026-01-07,SOBHA.NS,1542.9,18.9,-93.6,99.38,5,Active,тЪая╕П MED,ЁЯЪА FAST,BULLISH
2026-01-07,SOLARINDS.NS,12897.0,23.2,-80.6,2498.95,5,Active,тЪая╕П MED,ЁЯРв SLOW,BULLISH
2026-01-07,SONACOMS.NS,476.15,31.8,-81.3,89.1,5,Active,тЪая╕П MED,ЁЯЪА FAST,BULLISH
2026-01-07,SONATSOFTW.NS,355.0,9.4,-9.5,321.14,5,Active,тЪая╕П MED,ЁЯРв SLOW,BULLISH
2026-01-07,STARHEALTH.NS,447.4,43.3,-62.0,169.95,5,Active,ЁЯЫбя╕П HIGH,ЁЯЪА FAST,BULLISH
2026-01-07,SBIN.NS,1014.85,69.4,28.1,1300.0,5,Active,ЁЯЫбя╕П HIGH,ЁЯЪА FAST,BULLISH
2026-01-07,SAIL.NS,148.27,32.5,-6.7,138.33,5,Active,тЪая╕П MED,ЁЯЪА FAST,BULLISH
2026-01-07,SUMICHEM.NS,467.0,26.4,-71.9,131.2,5,Active,ЁЯЫбя╕П HIGH,ЁЯРв SLOW,BULLISH
2026-01-07,SUNPHARMA.NS,1754.5,44.4,-56.1,770.14,5,Active,ЁЯЫбя╕П HIGH,ЁЯЪА FAST,BULLISH
2026-01-07,SUNTV.NS,572.05,45.9,-12.2,502.26,5,Active,ЁЯЫбя╕П HIGH,ЁЯЪА FAST,BULLISH
2026-01-07,SUNDARMFIN.NS,5308.5,26.8,-50.3,2638.29,5,Active,тЪая╕П MED,ЁЯЪА FAST,BULLISH
2026-01-07,SUNDRMFAST.NS,947.05,37.5,-97.9,20.28,5,Active,ЁЯЫбя╕П HIGH,ЁЯРв SLOW,BULLISH
2026-01-07,SUPREMEIND.NS,3639.4,19.8,-96.2,137.97,5,Active,тЪая╕П MED,ЁЯРв SLOW,BULLISH
2026-01-07,SUZLON.NS,53.34,18.3,-84.7,8.14,5,Active,тЪая╕П MED,ЁЯРв SLOW,BULLISH
2026-01-07,SWANCORP.NS,467.65,12.7,-20.3,372.8,5,Active,тЪая╕П MED,ЁЯЪА FAST,BULLISH
2026-01-07,SWIGGY.NS,366.0,19.8,0.0,,5,Active,тЪая╕П MED,ЁЯРв SLOW,BULLISH
2026-01-07,SYNGENE.NS,664.15,20.9,-76.9,153.09,5,Active,тЪая╕П MED,ЁЯЪА FAST,BULLISH
2026-01-07,SYRMA.NS,747.75,17.9,-81.8,136.4,5,Active,тЪая╕П MED,ЁЯЪА FAST,BULLISH
2026-01-07,TBOTEK.NS,1586.0,21.5,-78.4,342.54,5,Active,тЪая╕П MED,ЁЯЪА FAST,BULLISH
2026-01-07,TVSMOTOR.NS,3862.6,47.1,-91.4,333.87,5,Active,ЁЯЫбя╕П HIGH,ЁЯЪА FAST,BULLISH
2026-01-07,TATACHEM.NS,763.5,35.8,-81.3,142.72,5,Active,ЁЯЫбя╕П HIGH,ЁЯРв SLOW,BULLISH
2026-01-07,TATACOMM.NS,1787.8,40.1,-78.6,382.83,5,Active,ЁЯЫбя╕П HIGH,ЁЯЪА FAST,BULLISH
2026-01-07,TCS.NS,3266.7,43.6,-41.1,1923.01,5,Active,ЁЯЫбя╕П HIGH,ЁЯРв SLOW,BULLISH
2026-01-07,TATACONSUM.NS,1215.3,47.6,-79.5,249.7,5,Active,ЁЯЫбя╕П HIGH,ЁЯЪА FAST,BULLISH
2026-01-07,TATAELXSI.NS,5521.0,29.7,-64.2,1976.0,5,Active,ЁЯЫбя╕П HIGH,ЁЯРв SLOW,BULLISH
2026-01-07,TATAINVEST.NS,693.55,19.0,-86.2,95.43,5,Active,тЪая╕П MED,ЁЯЪА FAST,BULLISH
2026-01-07,TMPV.NS,0.0,0.0,0.0,0.0,0,Data Error,тЪая╕П MED,ЁЯРв SLOW,BULLISH
2026-01-07,TATAPOWER.NS,384.95,38.2,-50.1,192.27,5,Active,ЁЯЫбя╕П HIGH,ЁЯРв SLOW,BULLISH
2026-01-07,TATASTEEL.NS,185.57,33.9,-47.6,97.27,5,Active,тЪая╕П MED,ЁЯЪА FAST,BULLISH
2026-01-07,TATATECH.NS,677.6,30.7,-62.4,254.63,5,Active,ЁЯЫбя╕П HIGH,ЁЯРв SLOW,BULLISH
2026-01-07,TTML.NS,48.1,10.9,-33.2,32.13,5,Active,тЪая╕П MED,ЁЯРв SLOW,BULLISH
2026-01-07,TECHM.NS,1610.2,39.6,-43.7,907.19,5,Active,ЁЯЫбя╕П HIGH,ЁЯРв SLOW,BULLISH
2026-01-07,TECHNOE.NS,1071.5,9.4,-64.7,378.62,5,Active,тЪая╕П MED,ЁЯРв SLOW,BULLISH
2026-01-07,TEJASNET.NS,444.45,4.6,-12.1,390.61,5,Active,тЪая╕П MED,ЁЯРв SLOW,BULLISH
2026-01-07,NIACL.NS,153.34,16.6,-36.5,97.32,5,Active,тЪая╕П MED,ЁЯРв SLOW,BULLISH
2026-01-07,RAMCOCEM.NS,1073.2,41.4,-77.1,245.38,5,Active,ЁЯЫбя╕П HIGH,ЁЯРв SLOW,BULLISH
2026-01-07,THERMAX.NS,3037.8,14.7,-93.7,192.44,5,Active,тЪая╕П MED,ЁЯРв SLOW,BULLISH
2026-01-07,TIMKEN.NS,3068.1,24.7,-99.3,20.05,5,Active,тЪая╕П MED,ЁЯРв SLOW,BULLISH
2026-01-07,TITAGARH.NS,862.3,15.0,-63.2,317.52,5,Active,тЪая╕П MED,ЁЯРв SLOW,BULLISH
2026-01-07,TITAN.NS,4256.0,49.8,-86.3,582.02,5,Active,ЁЯЫбя╕П HIGH,ЁЯЪА FAST,BULLISH
2026-01-07,TORNTPHARM.NS,3989.5,50.5,-77.4,902.02,5,Active,ЁЯЫбя╕П HIGH,ЁЯЪА FAST,BULLISH
2026-01-07,TORNTPOWER.NS,1403.7,32.6,-89.6,145.75,5,Active,ЁЯЫбя╕П HIGH,ЁЯРв SLOW,BULLISH
2026-01-07,TARIL.NS,324.0,1.0,-65.9,110.44,5,Active,тЪая╕П MED,ЁЯРв SLOW,BULLISH
2026-01-07,TRENT.NS,4063.7,2.4,-95.8,170.91,5,Active,тЪая╕П MED,ЁЯРв SLOW,BULLISH
2026-01-07,TRIDENT.NS,26.52,31.0,-18.1,21.71,5,Active,ЁЯЫбя╕П HIGH,ЁЯРв SLOW,BULLISH
2026-01-07,TRIVENI.NS,373.8,29.0,-54.0,171.88,5,Active,тЪая╕П MED,ЁЯЪА FAST,BULLISH
2026-01-07,TRITURBINE.NS,532.5,6.4,-86.9,70.02,5,Active,тЪая╕П MED,ЁЯРв SLOW,BULLISH
2026-01-07,TIINDIA.NS,2544.6,23.5,-100.0,0.37,5,Active,тЪая╕П MED,ЁЯРв SLOW,BULLISH
2026-01-07,UCOBANK.NS,30.02,23.6,1.4,30.45,5,Active,тЪая╕П MED,ЁЯРв SLOW,BULLISH
2026-01-07,UNOMINDA.NS,1314.5,27.9,-80.8,252.81,5,Active,тЪая╕П MED,ЁЯЪА FAST,BULLISH
2026-01-07,UPL.NS,805.85,78.6,116.3,1742.93,5,Active,ЁЯЫбя╕П HIGH,ЁЯЪА FAST,BULLISH
2026-01-07,UTIAMC.NS,1122.5,20.5,-21.6,880.59,5,Active,тЪая╕П MED,ЁЯРв SLOW,BULLISH
2026-01-07,ULTRACEMCO.NS,12154.0,43.9,-93.3,812.31,5,Active,ЁЯЫбя╕П HIGH,ЁЯРв SLOW,BULLISH
2026-01-07,UNIONBANK.NS,164.92,71.2,121.5,365.36,5,Active,тЪая╕П MED,ЁЯЪА FAST,BULLISH
2026-01-07,UBL.NS,1579.4,35.8,-83.6,258.45,5,Active,ЁЯЫбя╕П HIGH,ЁЯРв SLOW,BULLISH
2026-01-07,UNITDSPR.NS,1370.7,34.8,-72.3,379.68,5,Active,ЁЯЫбя╕П HIGH,ЁЯРв SLOW,BULLISH
2026-01-07,USHAMART.NS,452.65,31.0,-80.1,89.97,5,Active,тЪая╕П MED,ЁЯЪА FAST,BULLISH
2026-01-07,VGUARD.NS,329.95,35.1,-61.7,126.43,5,Active,ЁЯЫбя╕П HIGH,ЁЯРв SLOW,BULLISH
2026-01-07,DBREALTY.NS,118.81,13.2,5.3,125.14,5,Active,тЪая╕П MED,ЁЯРв SLOW,BULLISH
2026-01-07,VTL.NS,424.1,23.2,-22.9,326.93,5,Active,тЪая╕П MED,ЁЯРв SLOW,BULLISH
2026-01-07,VBL.NS,502.6,33.4,-76.4,118.69,5,Active,тЪая╕П MED,ЁЯЪА FAST,BULLISH
2026-01-07,MANYAVAR.NS,558.0,13.7,-56.0,245.46,5,Active,тЪая╕П MED,ЁЯРв SLOW,BULLISH
2026-01-07,VEDL.NS,627.8,52.9,42.3,893.62,5,Active,тЪая╕П MED,ЁЯЪА FAST,BULLISH
2026-01-07,VENTIVE.NS,766.65,21.2,-46.2,412.09,5,Active,тЪая╕П MED,ЁЯРв SLOW,BULLISH
2026-01-07,VIJAYA.NS,1044.9,18.2,-81.4,194.17,5,Active,тЪая╕П MED,ЁЯЪА FAST,BULLISH
2026-01-07,VMM.NS,130.35,34.6,-71.2,37.58,5,Active,ЁЯЫбя╕П HIGH,ЁЯРв SLOW,BULLISH
2026-01-07,IDEA.NS,11.56,26.6,0.0,,5,Active,тЪая╕П MED,ЁЯЪА FAST,BULLISH
2026-01-07,VOLTAS.NS,1487.5,17.9,-73.6,393.4,5,Active,тЪая╕П MED,ЁЯЪА FAST,BULLISH
2026-01-07,WAAREEENER.NS,2622.7,9.2,-61.7,1004.41,5,Active,тЪая╕П MED,ЁЯРв SLOW,BULLISH
2026-01-07,WELCORP.NS,791.85,19.8,-51.8,381.91,5,Active,тЪая╕П MED,ЁЯРв SLOW,BULLISH
2026-01-07,WELSPUNLIV.NS,128.59,13.5,-19.5,103.48,5,Active,тЪая╕П MED,ЁЯРв SLOW,BULLISH
2026-01-07,WHIRLPOOL.NS,878.65,1.0,-37.4,550.29,5,Active,тЪая╕П MED,ЁЯРв SLOW,BULLISH
2026-01-07,WIPRO.NS,267.85,38.1,-14.9,228.02,5,Active,ЁЯЫбя╕П HIGH,ЁЯЪА FAST,BULLISH
2026-01-07,WOCKPHARMA.NS,1471.3,14.9,0.0,,5,Active,тЪая╕П MED,ЁЯРв SLOW,BULLISH
2026-01-07,YESBANK.NS,23.1,32.5,-47.8,12.06,5,Active,тЪая╕П MED,ЁЯЪА FAST,BULLISH
2026-01-07,ZFCVINDIA.NS,15162.0,38.4,-93.6,976.62,5,Active,ЁЯЫбя╕П HIGH,ЁЯЪА FAST,BULLISH
2026-01-07,ZEEL.NS,91.08,44.4,93.5,176.28,5,Active,тЪая╕П MED,ЁЯРв SLOW,BULLISH
2026-01-07,ZENTEC.NS,1337.7,0.9,-64.0,482.19,5,Active,тЪая╕П MED,ЁЯРв SLOW,BULLISH
2026-01-07,ZENSARTECH.NS,705.35,12.2,-49.1,359.28,5,Active,тЪая╕П MED,ЁЯРв SLOW,BULLISH
2026-01-07,ZYDUSLIFE.NS,934.1,33.9,-16.6,778.63,5,Active,ЁЯЫбя╕П HIGH,ЁЯРв SLOW,BULLISH
2026-01-07,ECLERX.NS,4789.8,27.2,-63.3,1757.46,5,Active,тЪая╕П MED,ЁЯЪА FAST,BULLISH
2026-01-07,^NSEI,26132.1,54.9,0.0,,5,Active,ЁЯЫбя╕П HIGH,ЁЯЪА FAST,BULLISH
